{
  "Guid" : "40200380-12D2-4FF1-B077-2F1C9E1BF5BC",
  "Tags" : [

  ],
  "Ansi 12 Color" : {
    "Green Component" : 0.4259073138237,
    "Red Component" : 0.09343445301055908,
    "Blue Component" : 0.8910911083221436
  },
  "Horizontal Spacing" : 1,
  "Normal Font" : "NotoMono 23",
  "Bold Color" : {
    "Green Component" : 1,
    "Red Component" : 0.9957506656646729,
    "Blue Component" : 0.6972571611404419
  },
  "Link Color" : {
    "Red Component" : 0,
    "Color Space" : "sRGB",
    "Blue Component" : 0.734233021736145,
    "Alpha Component" : 1,
    "Green Component" : 0.3591606020927429
  },
  "Ansi 4 Color" : {
    "Green Component" : 0.4634898602962494,
    "Red Component" : 0.3079511821269989,
    "Blue Component" : 0.6328037977218628
  },
  "Ansi 5 Color" : {
    "Green Component" : 0.3603240847587585,
    "Red Component" : 0.5216478705406189,
    "Blue Component" : 0.5548633337020874
  },
  "Rows" : 25,
  "Default Bookmark" : "No",
  "Cursor Guide Color" : {
    "Red Component" : 0.7021318674087524,
    "Color Space" : "sRGB",
    "Blue Component" : 1,
    "Alpha Component" : 0.25,
    "Green Component" : 0.9268307089805603
  },
  "Non-ASCII Anti Aliased" : true,
  "Use Bright Bold" : true,
  "Ansi 10 Color" : {
    "Green Component" : 0.4459475874900818,
    "Red Component" : 0.05827388912439346,
    "Blue Component" : 0.1826251447200775
  },
  "Ambiguous Double Width" : false,
  "Jobs to Ignore" : [
    "rlogin",
    "ssh",
    "slogin",
    "telnet"
  ],
  "Ansi 15 Color" : {
    "Green Component" : 1,
    "Red Component" : 0.9908860921859741,
    "Blue Component" : 0.7244186997413635
  },
  "Foreground Color" : {
    "Green Component" : 0.7377275228500366,
    "Red Component" : 0.7237878441810608,
    "Blue Component" : 0.7279912233352661
  },
  "Working Directory" : "\/Users\/xieyuheng",
  "Blinking Cursor" : true,
  "Disable Window Resizing" : true,
  "Sync Title" : false,
  "Prompt Before Closing 2" : 0,
  "BM Growl" : true,
  "Command" : "",
  "Description" : "Default",
  "Mouse Reporting" : true,
  "Screen" : -1,
  "Selection Color" : {
    "Green Component" : 0.175298884510994,
    "Red Component" : 0.1633204221725464,
    "Blue Component" : 0.1951855719089508
  },
  "Columns" : 80,
  "Idle Code" : 0,
  "Ansi 13 Color" : {
    "Green Component" : 0,
    "Red Component" : 0.9859346747398376,
    "Blue Component" : 0.4040433764457703
  },
  "Custom Command" : "No",
  "ASCII Anti Aliased" : true,
  "Non Ascii Font" : "Monaco 12",
  "Vertical Spacing" : 1,
  "Use Bold Font" : true,
  "Option Key Sends" : 0,
  "Selected Text Color" : {
    "Green Component" : 0.7377275228500366,
    "Red Component" : 0.7237878441810608,
    "Blue Component" : 0.7279912233352661
  },
  "Background Color" : {
    "Green Component" : 0.1205069124698639,
    "Red Component" : 0.1205105185508728,
    "Blue Component" : 0.120508961379528
  },
  "Character Encoding" : 4,
  "Ansi 11 Color" : {
    "Green Component" : 0.4406515061855316,
    "Red Component" : 0.7675045728683472,
    "Blue Component" : 0.2010756433010101
  },
  "Use Italic Font" : true,
  "Unlimited Scrollback" : true,
  "Keyboard Map" : {
    "0xf700-0x260000" : {
      "Text" : "[1;6A",
      "Action" : 10
    },
    "0x37-0x40000" : {
      "Text" : "0x1f",
      "Action" : 11
    },
    "0x32-0x40000" : {
      "Text" : "0x00",
      "Action" : 11
    },
    "0xf709-0x20000" : {
      "Text" : "[17;2~",
      "Action" : 10
    },
    "0xf70c-0x20000" : {
      "Text" : "[20;2~",
      "Action" : 10
    },
    "0xf729-0x20000" : {
      "Text" : "[1;2H",
      "Action" : 10
    },
    "0xf72b-0x40000" : {
      "Text" : "[1;5F",
      "Action" : 10
    },
    "0xf705-0x20000" : {
      "Text" : "[1;2Q",
      "Action" : 10
    },
    "0xf703-0x260000" : {
      "Text" : "[1;6C",
      "Action" : 10
    },
    "0xf700-0x220000" : {
      "Text" : "[1;2A",
      "Action" : 10
    },
    "0x66-0x80000" : {
      "Action" : 10,
      "Text" : "f"
    },
    "0x38-0x40000" : {
      "Text" : "0x7f",
      "Action" : 11
    },
    "0x33-0x40000" : {
      "Text" : "0x1b",
      "Action" : 11
    },
    "0xf703-0x220000" : {
      "Text" : "[1;2C",
      "Action" : 10
    },
    "0xf701-0x240000" : {
      "Text" : "[1;5B",
      "Action" : 10
    },
    "0x62-0x80000" : {
      "Action" : 10,
      "Text" : "b"
    },
    "0xf70d-0x20000" : {
      "Text" : "[21;2~",
      "Action" : 10
    },
    "0xf702-0x260000" : {
      "Text" : "[1;6D",
      "Action" : 10
    },
    "0xf729-0x40000" : {
      "Text" : "[1;5H",
      "Action" : 10
    },
    "0xf706-0x20000" : {
      "Text" : "[1;2R",
      "Action" : 10
    },
    "0x34-0x40000" : {
      "Text" : "0x1c",
      "Action" : 11
    },
    "0x2d-0x40000" : {
      "Text" : "0x1f",
      "Action" : 11
    },
    "0xf70e-0x20000" : {
      "Text" : "[23;2~",
      "Action" : 10
    },
    "0xf702-0x220000" : {
      "Text" : "[1;2D",
      "Action" : 10
    },
    "0xf707-0x20000" : {
      "Text" : "[1;2S",
      "Action" : 10
    },
    "0xf700-0x240000" : {
      "Text" : "[1;5A",
      "Action" : 10
    },
    "0xf70a-0x20000" : {
      "Text" : "[18;2~",
      "Action" : 10
    },
    "0x35-0x40000" : {
      "Text" : "0x1d",
      "Action" : 11
    },
    "0xf70f-0x20000" : {
      "Text" : "[24;2~",
      "Action" : 10
    },
    "0xf703-0x240000" : {
      "Text" : "[1;5C",
      "Action" : 10
    },
    "0x7f-0x80000" : {
      "Action" : 11,
      "Text" : "0x17"
    },
    "0x64-0x80000" : {
      "Action" : 10,
      "Text" : "d"
    },
    "0xf701-0x260000" : {
      "Text" : "[1;6B",
      "Action" : 10
    },
    "0xf72b-0x20000" : {
      "Text" : "[1;2F",
      "Action" : 10
    },
    "0x36-0x40000" : {
      "Text" : "0x1e",
      "Action" : 11
    },
    "0xf708-0x20000" : {
      "Text" : "[15;2~",
      "Action" : 10
    },
    "0xf70b-0x20000" : {
      "Text" : "[19;2~",
      "Action" : 10
    },
    "0xf701-0x220000" : {
      "Text" : "[1;2B",
      "Action" : 10
    },
    "0xf702-0x240000" : {
      "Text" : "[1;5D",
      "Action" : 10
    },
    "0xf704-0x20000" : {
      "Text" : "[1;2P",
      "Action" : 10
    }
  },
  "Window Type" : 0,
  "Cursor Boost" : 0,
  "Cursor Type" : 2,
  "Background Image Location" : "",
  "Blur" : false,
  "Badge Color" : {
    "Red Component" : 1,
    "Color Space" : "sRGB",
    "Blue Component" : 0,
    "Alpha Component" : 0.5,
    "Green Component" : 0.1491314172744751
  },
  "Scrollback Lines" : 1000,
  "Send Code When Idle" : false,
  "Close Sessions On End" : true,
  "Terminal Type" : "xterm-256color",
  "Visual Bell" : true,
  "Flashing Bell" : false,
  "Silence Bell" : false,
  "Ansi 14 Color" : {
    "Green Component" : 0.4388971328735352,
    "Red Component" : 0.1796993762254715,
    "Blue Component" : 0.4263592660427094
  },
  "Name" : "Default",
  "Cursor Text Color" : {
    "Green Component" : 0.08950852602720261,
    "Red Component" : 0.0895112082362175,
    "Blue Component" : 0.08951004594564438
  },
  "Shortcut" : "1",
  "Cursor Color" : {
    "Green Component" : 0.242638885974884,
    "Red Component" : 0.9727436900138855,
    "Blue Component" : 0.09856554120779037
  },
  "Transparency" : 0.08335778870558376,
  "Ansi 0 Color" : {
    "Green Component" : 0.2385524958372116,
    "Red Component" : 0.2290982306003571,
    "Blue Component" : 0.2637020349502563
  },
  "Ansi 1 Color" : {
    "Green Component" : 0.2461207807064056,
    "Red Component" : 0.7465587258338928,
    "Blue Component" : 0.2829656302928925
  },
  "Ansi 2 Color" : {
    "Green Component" : 0.6044812202453613,
    "Red Component" : 0.527876079082489,
    "Blue Component" : 0.2305285334587097
  },
  "Ansi 3 Color" : {
    "Green Component" : 0.6500759720802307,
    "Red Component" : 0.771616518497467,
    "Blue Component" : 0.2083030492067337
  },
  "Custom Directory" : "No",
  "Use Non-ASCII Font" : false,
  "Ansi 7 Color" : {
    "Green Component" : 0.7377275228500366,